path,file,command,slot_value,transcript,variation,speaker_id,out_of_scope,sha256,raw_prediction,min_confidence,rejected,prediction,pred_intent,pred_slot,confidence,intent_correct,joint_correct,duration_s,pipeline_ms,control_prediction
audio/0186.wav,audio/holdout_000186_CommonVoice_en_common_voice_en_36827091.wav,OUT_OF_SCOPE,,They first met while both studying at University College Dublin.,,0365b018a15ab96510f1368f4910554f97f6c278320e780c89e4989e9fdef0e557feb655cc9a89282ab0b8effbf5c920cf83193d6e0536e03d2ea84c6dca7559,True,c1dcbc43f4a4a0125b3c9f77e83ab1b200eb8c297756d3f46f6d48107b0371b3,BRIGHTNESS_20,0.25,True,OUT_OF_SCOPE,OUT_OF_SCOPE,,0.11476127803325653,1,1,5.976,65.9341380001024,False
audio/0187.wav,audio/holdout_000187_CommonVoice_en_common_voice_en_36827090.wav,OUT_OF_SCOPE,,Then they scrambled round the rocks to the other side of the house.,,0365b018a15ab96510f1368f4910554f97f6c278320e780c89e4989e9fdef0e557feb655cc9a89282ab0b8effbf5c920cf83193d6e0536e03d2ea84c6dca7559,True,3a3dd9df2f8352f8c4e765cc98f68f61ac3e428c0126edbd270a83c638deaeee,CREATE_REMINDER_EXERCISE,0.25,True,OUT_OF_SCOPE,OUT_OF_SCOPE,,0.22233177721500397,1,1,5.544,61.82249399989814,False
audio/0188.wav,audio/holdout_000188_CommonVoice_en_common_voice_en_36827090.wav,OUT_OF_SCOPE,,Then they scrambled round the rocks to the other side of the house.,,0365b018a15ab96510f1368f4910554f97f6c278320e780c89e4989e9fdef0e557feb655cc9a89282ab0b8effbf5c920cf83193d6e0536e03d2ea84c6dca7559,True,3a3dd9df2f8352f8c4e765cc98f68f61ac3e428c0126edbd270a83c638deaeee,CREATE_REMINDER_EXERCISE,0.25,True,OUT_OF_SCOPE,OUT_OF_SCOPE,,0.22233177721500397,1,1,5.544,61.850253000102384,False
audio/0189.wav,audio/holdout_000189_FluentSpeechCommands_2f3a53d0-4551-11e9-aa52-bf2189a03a60.wav,OUT_OF_SCOPE,,Kitchen heat up,,R3mXwwoaX9IoRVKe,True,cbf5bef3360fbd90e66bfc465690ff07846cf0dbabaf7b05e5c79661ae4e0752,STOP,0.25,False,STOP,STOP,,0.256161630153656,0,0,2.304,24.848640999607596,False
audio/0190.wav,audio/holdout_000190_FluentSpeechCommands_b47bcab0-4551-11e9-aa52-bf2189a03a60.wav,OUT_OF_SCOPE,,Decrease the heating,,R3mXwwoaX9IoRVKe,True,1524cf59f3cc6e4b25b368193c82ea0ef088e8534fcaa93be73a412f64408437,VOLUME_UP,0.25,False,VOLUME_UP,VOLUME_UP,,0.3010614812374115,0,0,2.4746875,26.679002000037144,False
audio/0191.wav,audio/holdout_000191_FluentSpeechCommands_ed52eb60-4552-11e9-aa52-bf2189a03a60.wav,OUT_OF_SCOPE,,Set language to Chinese,,R3mXwwoaX9IoRVKe,True,adb3c321e21696a2f65eb2529c9da4d833d46bf7a0bb8ba281d1b3f9d04cb69b,TEMPERATURE_26,0.25,True,OUT_OF_SCOPE,OUT_OF_SCOPE,,0.15335358679294586,1,1,2.9013125,30.991978000201925,False
audio/0192.wav,audio/holdout_000192_FluentSpeechCommands_2d281d00-454e-11e9-aa52-bf2189a03a60.wav,OUT_OF_SCOPE,,Go get me some juice,,R3mXwwoaX9IoRVKe,True,06b81075d0582012c3a148f542c45c4df8195df72325c38d48425f8983dcc337,SAGITTARIUS,0.25,True,OUT_OF_SCOPE,OUT_OF_SCOPE,,0.19817309081554413,1,1,2.56,28.172790000098757,False
audio/0193.wav,audio/holdout_000193_FluentSpeechCommands_ae8530f0-4552-11e9-aa52-bf2189a03a60.wav,OUT_OF_SCOPE,,Fetch my socks,,R3mXwwoaX9IoRVKe,True,f7a2c8200375b1ca5f4d6a276295e0eb96984d2cf074bd034780b6ecde270c5a,LIGHT_OFF,0.25,False,LIGHT_OFF,LIGHT_OFF,,0.35866037011146545,0,0,2.048,22.359617999882175,False
audio/0194.wav,audio/holdout_000194_FluentSpeechCommands_26c856a0-454e-11e9-aa52-bf2189a03a60.wav,OUT_OF_SCOPE,,Bring some juice,,R3mXwwoaX9IoRVKe,True,472e0c569e04a21f5e07c0888c0ae05bf2100d7d5602f5430c92bea1af53d801,MESSAGE,0.25,True,OUT_OF_SCOPE,OUT_OF_SCOPE,,0.14868366718292236,1,1,1.8773125,21.021328999722755,False
audio/0195.wav,audio/holdout_000195_FluentSpeechCommands_27f33ee0-454a-11e9-aa52-bf2189a03a60.wav,OUT_OF_SCOPE,,More heat,,R3mXwwoaX9IoRVKe,True,4b028445d62ff7b967858bf105bf5a7ba6be0406047a6b1f17ab0ebc176ff4b3,TIME,0.25,False,TIME,TIME,,0.3093627989292145,0,0,2.1333125,23.609111000041594,False
audio/0196.wav,audio/holdout_000196_group_synthetic_oos_OOS_s10_098_clean.wav,OUT_OF_SCOPE,,Open the garage door.,,s10,True,652e9a8aa14a8d307a0afdf0f74ec078ee9705c89b1816c3f87687fd671a5a7b,LIGHT_ON,0.25,True,OUT_OF_SCOPE,OUT_OF_SCOPE,,0.11981882899999619,1,1,1.396125,16.652223999699345,False
audio/0197.wav,audio/holdout_000197_group_synthetic_oos_OOS_s10_099_noisy.wav,OUT_OF_SCOPE,,My sister is visiting next month.,,s10,True,e4aa537418e50ce39e26f9dd234337cfb03ab5064f5741abfff833ed0e39cfa2,BRIGHTNESS_60,0.25,True,OUT_OF_SCOPE,OUT_OF_SCOPE,,0.19368620216846466,1,1,2.606625,28.730527999869082,False
audio/0198.wav,audio/holdout_000198_group_synthetic_oos_OOS_s10_100_clean.wav,OUT_OF_SCOPE,,Book a table for two tonight.,,s10,True,cce8e459d49e30dda4dce9b2d0a8de6e6be3440cd9e7493d4b334a3aad456d39,TIMER_1m,0.25,True,OUT_OF_SCOPE,OUT_OF_SCOPE,,0.08268145471811295,1,1,1.9655,22.281747999841173,False
audio/0199.wav,audio/holdout_000199_group_synthetic_oos_OOS_s100_101_noisy.wav,OUT_OF_SCOPE,,Start the washing machine.,,s100,True,109a329352d4b90c28756e0edb1d0b27e40d8a415d5cd02f76330a83d24d908e,LIGHT_ON,0.25,True,OUT_OF_SCOPE,OUT_OF_SCOPE,,0.15485163033008575,1,1,3.9033125,44.06977700000425,False
audio/0200.wav,audio/holdout_000200_group_synthetic_oos_OOS_s100_102_clean.wav,OUT_OF_SCOPE,,Find flights to Cebu.,,s100,True,8a0c64b9846c3a13df9e4f40a094eb9ca3d35a4bbf73a8acb49b15209d4b5515,HELLO_KIBO,0.25,True,OUT_OF_SCOPE,OUT_OF_SCOPE,,0.10216798633337021,1,1,2.696125,28.998007000154757,False
audio/0201.wav,audio/holdout_000201_group_synthetic_oos_OOS_s100_103_noisy.wav,OUT_OF_SCOPE,,We're going to the beach on Saturday.,,s100,True,53ec551f70ef534556a62b4ac2dd904a1a516b9d3f8920dbff1a8a274aa5d8c8,CREATE_REMINDER_STUDY,0.25,True,OUT_OF_SCOPE,OUT_OF_SCOPE,,0.11344374716281891,1,1,5.366875,60.23972499997399,False
