epoch,training_optimization_loss,validation_loss,validation_label_smoothed_loss,validation_accuracy,validation_macro_f1,learning_rate
1,2.9767478500645574,2.2159546006219055,2.3123928920772796,0.44046417759838546,0.40866798564445483,0.001
2,1.516108224921928,1.0507111342475344,1.270583325029021,0.7421796165489405,0.736003858932852,0.001
3,0.8948655950350957,0.7702999836741735,1.045094750844145,0.8324924318869829,0.8391571981137889,0.001
4,0.690676821212991,0.5729416727899422,0.875624293876825,0.8703329969727548,0.8733380747965523,0.001
5,0.597511146258628,0.48264537040448696,0.798983392032196,0.8819374369323916,0.8879903569769487,0.001
6,0.5501627789869451,0.4461233502800842,0.7689409438825159,0.8900100908173562,0.8955052968768061,0.001
7,0.5132877412278082,0.3729781529496825,0.7026060356501975,0.9167507568113017,0.9188488785873183,0.001
8,0.4919692503502055,0.3766998008089037,0.7051471302174896,0.9167507568113017,0.9212572954925656,0.001
9,0.47808534185065904,0.3781607235235836,0.7001373799128682,0.9142280524722503,0.9193848805204577,0.001
10,0.46448712115618446,0.34586159035367997,0.6731943742538437,0.920787083753784,0.9254336225852294,0.001
11,0.4565712584355244,0.35853365644075796,0.675621255014306,0.9233097880928355,0.927407680759465,0.001
12,0.44450838065966336,0.32305467862534354,0.6380322164772257,0.934409687184662,0.9364161919255055,0.001
13,0.4359722798162672,0.32463182161602555,0.6370290954466665,0.9278506559031282,0.9311161802923272,0.001
14,0.4303053589973524,0.31846128174082183,0.6260864082667469,0.9374369323915237,0.939357649429598,0.001
15,0.42554406339830186,0.3150967892436038,0.6209836290053474,0.9339051463168516,0.9367733879915261,0.001
16,0.4205852689831116,0.30516279164765603,0.6082162308524524,0.9409687184661958,0.9427334793869871,0.001
17,0.4156295281181224,0.33848586140198617,0.6372659733268976,0.9308779011099899,0.9350481095553552,0.001
18,0.412310625262177,0.32712498466614875,0.6258062676392218,0.9328960645812311,0.9351429026482371,0.001
19,0.4113514610721319,0.3169677401888142,0.6131226109447921,0.9339051463168516,0.9357561251746817,0.001
20,0.4040220413475321,0.29861334185787936,0.5956166880402628,0.9434914228052472,0.9455122061331946,0.001
21,0.4012795291005677,0.3215675113420073,0.6122990077968563,0.9404641775983855,0.9430296041885812,0.001
22,0.39949959664860873,0.2969297318598096,0.5914061004530891,0.9439959636730575,0.9460617698966313,0.001
23,0.39666108944859507,0.29421918495632443,0.5875685958400384,0.9475277497477296,0.9494934221220039,0.001
24,0.3951794730635796,0.32914937252233295,0.6122885674208132,0.9384460141271443,0.9405947961158079,0.001
25,0.3917971009838836,0.308243196258391,0.5953658880547485,0.941473259334006,0.9438336126639248,0.001
26,0.39098516085359547,0.32351165125757364,0.6061276706268279,0.9439959636730575,0.9470333631783449,0.001
27,0.3882605372275614,0.2866348156895334,0.5726564563246958,0.9515640766902119,0.9527768735856295,0.001
28,0.38471813772069274,0.29437969070149717,0.5783386548039411,0.9475277497477296,0.9501926216743739,0.001
29,0.38399362273982646,0.2815428165085501,0.5659877524967751,0.9530776992936428,0.9564893931841898,0.001
30,0.38521773611966154,0.32970763431668404,0.6106226080962796,0.9419778002018163,0.9447921686416949,0.001
31,0.39866837803914185,0.3121327545520155,0.6057874773874292,0.9394550958627649,0.9414819043060734,0.001
32,0.3872187085879444,0.26481403279617266,0.5536590637761336,0.955095862764884,0.956520394569698,0.001
33,0.3797578917218738,0.2638245762056106,0.5500171374601024,0.9576185671039354,0.9593037971088338,0.001
34,0.3782436049610318,0.27131632598930844,0.5553881879050123,0.9515640766902119,0.9525276990520267,0.001
35,0.3771432522860581,0.2623932436183772,0.5466817187974239,0.9561049445005045,0.9579678433628656,0.001
36,0.37675101016530416,0.28752664408217044,0.5684629973441393,0.9520686175580222,0.9544608822671438,0.001
37,0.37590495438754984,0.2826198256460858,0.565198240078061,0.9520686175580222,0.9535925742811214,0.001
38,0.3747772767376915,0.27065040701934473,0.5522503588202021,0.9566094853683148,0.958635756527647,0.0005
39,0.3741559591759974,0.27119256052311685,0.5533046645425282,0.9561049445005045,0.957662346780567,0.0005
40,0.37400551384250913,0.28193388119956436,0.5611451223086638,0.9556004036326943,0.9573574175045132,0.0005
41,0.3737618934196539,0.25943129238278784,0.5419510361164297,0.9616548940464178,0.9633045274898006,0.0005
42,0.37352127422779624,0.290559902922537,0.5672011938393416,0.9540867810292634,0.9581504804824728,0.0005
43,0.37320098364731746,0.27030289353564096,0.5520012361851758,0.9591321897073662,0.9614334995874864,0.0005
44,0.37293513264659156,0.279481728550885,0.5583638856196861,0.9530776992936428,0.9576548509153342,0.0005
45,0.37273880562763745,0.27981732784198105,0.5602439193263665,0.955095862764884,0.9581681197478746,0.0005
46,0.37233059985330175,0.2777409014620045,0.5572582046631968,0.9561049445005045,0.9584349853941693,0.00025
47,0.3722112407679691,0.2661153885237985,0.5462506050779649,0.958627648839556,0.9608554230670987,0.00025
48,0.37199024058593533,0.2775737880818418,0.555877406469628,0.9576185671039354,0.9596287535678036,0.00025
49,0.3718301707170107,0.2830264436007749,0.560575047366915,0.9591321897073662,0.9611547649693913,0.00025
50,0.3715822371776739,0.26574389412472876,0.5461724605618042,0.9606458123107972,0.9633662568107162,0.000125
51,0.3716570483541149,0.2776178447557867,0.5559662867987794,0.9571140262361252,0.9588470491688397,0.000125
52,0.3715673916346055,0.2661661567649495,0.5456718951012605,0.9611503531786074,0.9632948628353455,0.000125
53,0.3714724083419597,0.2769201049650714,0.5563498659643948,0.9576185671039354,0.9600411240649931,0.000125
54,0.37132691832926856,0.2687934537227411,0.5468753127589837,0.9591321897073662,0.9613928509891317,0.000125
55,0.37132558951266614,0.27332283173030847,0.5510387016473457,0.9601412714429869,0.9623073354446723,6.25e-05
56,0.3712337841789829,0.2660289301521001,0.5448282436213027,0.9631685166498486,0.9649944570129649,6.25e-05
57,0.37117465608164774,0.26809919951060707,0.5470839018297243,0.9631685166498486,0.9650590561585513,6.25e-05
58,0.37119299081417934,0.2710587689662437,0.5500551862745545,0.9591321897073662,0.9610808647994687,6.25e-05
59,0.3710358618183408,0.2689483110406685,0.548386709480786,0.9626639757820383,0.9648513230532829,6.25e-05
60,0.3709862851548025,0.27640076746974296,0.5548429941433349,0.955095862764884,0.957728613769393,6.25e-05
