trial,hidden_size,dropout,lr,weight_decay,validation_accuracy_percent,validation_macro_f1,validation_loss,checkpoint_epoch
2,64,0.25,0.001,0.001,96.31685166498485,0.9650590561585513,0.26809919951060707,57
5,64,0.35,0.001,0.0001,96.26639757820384,0.9635966980493715,0.27955720643583387,36
13,128,0.35,0.001,0.0001,96.26639757820384,0.963240089572348,0.2557626538031277,59
11,128,0.25,0.0005,0.0001,96.06458123107971,0.9629641868779548,0.29505293208102046,35
14,128,0.35,0.001,0.001,95.96367305751767,0.9609360131522978,0.2667718964556512,45
9,128,0.25,0.001,0.0001,95.61049445005045,0.9587133670778992,0.2854949610023999,26
15,128,0.35,0.0005,0.0001,95.71140262361251,0.9582667076301418,0.28048629645261947,39
1,64,0.25,0.001,0.0001,95.5095862764884,0.9582572347414905,0.2941392071913518,35
12,128,0.25,0.0005,0.001,95.45913218970736,0.9563282446077301,0.29467610105135367,18
10,128,0.25,0.001,0.001,95.20686175580222,0.9562223903617819,0.2908310647208082,18
7,64,0.35,0.0005,0.0001,95.25731584258324,0.9553815326656409,0.3103967742650468,44
4,64,0.25,0.0005,0.001,95.35822401614531,0.9547999771536584,0.31876646257433233,44
6,64,0.35,0.001,0.001,95.15640766902119,0.953251990782589,0.30400854824289425,37
3,64,0.25,0.0005,0.0001,94.95459132189707,0.9511482822319512,0.33302807567338527,38
16,128,0.35,0.0005,0.001,94.55095862764884,0.946780593492158,0.3153560847254502,13
8,64,0.35,0.0005,0.001,93.74369323915236,0.9421109351527879,0.33312602938123714,34
